{"cameraMode":{"drawMode":0,"name":"Shaded","section":"Shading Mode"},"sceneLighting":true,"audioPlay":false,"sceneViewState":{"m_AlwaysRefresh":true,"showFog":true,"showSkybox":true,"showFlares":true,"showImageEffects":true,"showParticleSystems":true,"showVisualEffectGraphs":true,"m_FxEnabled":true},"in2DMode":false,"pivot":{"x":-1.2736120223999024,"y":1.298330545425415,"z":-0.16480445861816407},"rotation":{"x":0.16970199346542359,"y":0.552112340927124,"z":-0.11594485491514206,"w":0.8080624938011169},"size":0.6957233548164368,"orthographic":true}